module	errorCode	errorType	name	description	troubleshootingSteps	onSiteServiceRequired	severity
PowerBoardHAL	1	warning	ErrorLockingFailed	Lock action doesn't take effect	1. Check lock is not blocked by some object | 2. Check/fix/replace lock | 3. Power Cycle Charging Station | 4. Replace Power Board	true	LOW
PowerBoardHAL	2	warning	ErrorReactiveCurrentDetected	EV41: Reactive current was detected, increasing minimum limit	1. Restart charging session | 2. Use another EV/consumer	false	LOW
PowerBoardHAL	3	warning	ErrorReactiveCurrentOverrideSWLimit	EV41: Overriding Effective Limits	1. Restart charging session | 2. Use another EV/consumer	false	LOW
PowerBoardHAL	4	warning_reset_current_session	ErrorReactiveCurrentOverrideForbidden	Session stop because of reactive current level	1. Restart charging session | 2. Use another EV	false	HIGH
HWSpecificHALZr	5	error_block_all_sessions	ErrorM2LowCurrent	Low current on M2 connector	1. Restart charging session | 2. Use another EV/connect another consumer | 3. Verify M2LowCurrentThreshold_mA value in ihal/ihal.properties config	false	CRITICAL
HWPowerBoardStopCode	0	warning_reset_current_session	InvalidCode	Unknown	1. Power Cycle Charging Station | 2. Replace Power Board	true	HIGH
HWPowerBoardStopCode	1	error_block_all_sessions	BENDER_ERROR	An internal fault of the IMD unit happened outside 1s after closing relaysr	1. Restart charging session | 2. Use another EV/consumer | 3. Power Cycle Charging Station | 4. Check Bender unit connection to Power Board | 5. Replace Bender unit | 6. Replace Power Board	true	CRITICAL
HWPowerBoardStopCode	2	error_block_all_sessions	BENDER_FAULT_1	A fault (leakage indicated by output #1 of IMD module) was detected by the IMD unit outside 1s after closing relays	1. Power Cycle Charging Station | 2. Use another EV/consumer | 3. Check Bender unit connection to Power Board | 4. Replace Bender unit | 5. Replace Power Board	true	CRITICAL
HWPowerBoardStopCode	3	error_block_all_sessions	BENDER_FAULT_2	A fault (leakage indicated by output #2 of IMD module) was detected by the IMD unit outside 1s after closing relays	1. Power Cycle Charging Station | 2. Use another EV/consumer | 3. Check Bender unit connection to Power Board | 4. Replace Bender unit | 5. Replace Power Board	true	CRITICAL
HWPowerBoardStopCode	4	error_block_all_sessions	OVERTEMPERATURE_1	Overtemperature 1	1. Check/fix the cooling system | 2. Replace Power Board	true	CRITICAL
HWPowerBoardStopCode	5	error_block_all_sessions	OVERTEMPERATURE_2	Overtemperature 2	1. Check/fix the cooling system | 2. Replace Power Board	true	CRITICAL
HWPowerBoardStopCode	6	error_block_all_sessions	HARD_OVERCURRENT	Hard overcurrent	1. Power Cycle charging station | 2. Use another EV/connect another consumer | 3. Check for short-circuits | 4. Replace Power Board	true	CRITICAL
HWPowerBoardStopCode	7	error_block_all_sessions	OVERVOLTAGE	Overvoltage	1. Check/fix grid voltage | 2. Verify correct Power Board version is installed (US vs EU variant) | 3. Power Cycle Charging station | 4. Replace Power Board	true	CRITICAL
HWPowerBoardStopCode	8	error_block_all_sessions	UNDERVOLTAGE	Undervoltage	1. Check/fix grid voltage | 2. Verify correct PB version is installed (US vs EU variant) | 3. Power Cycle Charging station | 4. Replace PB	true	CRITICAL
HWPowerBoardStopCode	9	error_block_all_sessions	HIGH_FREQUENCY	High frequency	1. Check/fix grid frequency | 2. Verify correct Power Board version is installed (US vs EU variant) | 3. Power Cycle Charging station | 4. Replace Power Board	true	CRITICAL
HWPowerBoardStopCode	10	error_block_all_sessions	LOW_FREQUENCY	Low frequency	1. Check/fix grid frequency | 2. Verify correct PB version is installed (US vs EU variant) | 3. Power Cycle Charging station | 4. Replace Power Board	true	CRITICAL
HWPowerBoardStopCode	11	error_block_all_sessions	GROUND_FAULT	Ground fault	1. Check/restore earth connection | 2. Power Cycle Charging station | 3. Replace Power Board	true	CRITICAL
HWPowerBoardStopCode	12	error_block_all_sessions	CT_RCM_FAULT	CT RCM fault	1. Power Cycle Charging station | 2. Replace Power Board	true	CRITICAL
HWPowerBoardStopCode	13	error_block_all_sessions	PROXIMITY	Proximity changed during charging process	1. Check/replace charging cable | 2. Power Cycle Charging station | 3. Replace Power Board	true	CRITICAL
HWPowerBoardStopCode	14	error_block_all_sessions	PHASE_2_AND_3_MISSING	Phase 2 and 3 missing	1. Verify 3 phase station is not connected to 1 phase grid | 2. Check/fix grid state and connection  | 3. Power Cycle Charging station | 4. Replace Power Board	true	CRITICAL
HWPowerBoardStopCode	15	error_block_all_sessions	PHASE_SEQUENCE_ERROR	Phase sequence error	1. Check/fix phases connection: make sure it follows grid layout | 2. Power Cycle Charging station | 3. Replace Power Board	true	CRITICAL
HWPowerBoardStopCode	16	error_block_all_sessions	CONTACTORS_WELDED	Contactors welded	1. Validate relays integrity | 2. Power Cycle Charging station | 3. Replace Power Board	true	CRITICAL
HWPowerBoardStopCode	17	error_block_all_sessions	CODE_INTEGRITY_FAULT	Code integrity fault	1. Power Cycle Charging station | 2. Reflash Power Board firmware | 3. Replace Power Board	true	CRITICAL
HWPowerBoardStopCode	18	error_block_all_sessions	METER_FAULT	Meter fault	1. Power Cycle Charging station | 2. Replace Power Board	true	CRITICAL
HWPowerBoardStopCode	19	error_block_all_sessions	IMMEDIATE_BENDER_ERROR	An internal fault of the IMD unit happened within 1s after closing relays	1. Restart charging session | 2. Use another EV/consumer | 3. Power Cycle Charging Station | 4. Check Bender unit connection to Power Board | 5. Replace Bender unit | 6. Replace Power Board	true	CRITICAL
HWPowerBoardStopCode	20	error_block_all_sessions	IMMEDIATE_BENDER_FAULT_1	A fault (leakage indicated by output #1 of IMD module) was detected by the IMD unit within 1s after closing relays	1. Restart charging session | 2. Use another EV/consumer | 3. Power Cycle Charging Station | 4. Check Bender unit connection to Power Board | 5. Check charging cable and socket | 6. Replace Bender unit | 7. Replace Power Board	true	CRITICAL
HWPowerBoardStopCode	21	error_block_all_sessions	IMMEDIATE_BENDER_FAULT_2	A fault (leakage indicated by output #2 of IMD module) was detected by the IMD unit within 1s after closing relays	1. Restart charging session | 2. Use another EV/consumer | 3. Power Cycle Charging Station | 4. Check Bender unit connection to Power Board | 5. Check charging cable and socket | 6. Replace Bender unit | 7. Replace Power Board	true	CRITICAL
HWPowerBoardStopCode	22	error_block_all_sessions	IDLE_CURRENT	Idle current	1. Inspect connections | 2. Power Cycle Charging Station | 3. Replace Power Board	true	CRITICAL
HWPowerBoardStopCode	23	error_block_all_sessions	UNEXPECTED_MAIN_RELAY_ENABLE	Unexpected main relay enable	1. Power Cycle Charging Station | 2. Inspect Power Board and Main AC and verify there is no unexpected wires connected | 3. Replace Power Board	true	CRITICAL
HWPowerBoardStopCode	24	error_block_all_sessions	UNEXPECTED_AUX_RELAY_ENABLE	Unexpected aux relay enable	1. Power Cycle Charging Station | 2. Inspect Power Board and Main AC and verify there is no unexpected wires connected | 3. Replace Power Board	true	CRITICAL
HWPowerBoardStopCode	25	error_block_all_sessions	UNEXPECTED_FAULT_RESET	Unexpected fault reset	1. Power Cycle Charging Station | 2. Inspect Power Board and Main AC and verify there is no unexpected wires connected | 3. Replace Power Board | 4. Replace Main AC board	true	CRITICAL
HWPowerBoardStopCode	26	error_block_all_sessions	INVALID_PROXIMITY	Invalid proximity	1. Check/replace charging cable	true	CRITICAL
HWPowerBoardStopCode	27	error_block_all_sessions	PHASE_2_MISSING	Phase 2 missing	1. Verify phase B grid status	true	CRITICAL
HWPowerBoardStopCode	28	error_block_all_sessions	PHASE_3_MISSING	Phase 3 missing	1. Verify phase C grid status	true	CRITICAL
HWPowerBoardStopCode	29	error_block_all_sessions	MAIN_RELAY1_STUCK_OPEN	Main relay 1 stuck open	1. Power Cycle Charging Station | 2. Inspect Power Board and Main AC and verify there is no unexpected wires connected | 3. Replace Power Board	true	CRITICAL
HWPowerBoardStopCode	30	error_block_all_sessions	MAIN_RELAY2_STUCK_OPEN	Main relay 2 stuck open	1. Power Cycle Charging Station | 2. Inspect Power Board and Main AC and verify there is no unexpected wires connected | 3. Replace Power Board	true	CRITICAL
HWPowerBoardStopCode	31	error_block_all_sessions	MAIN_RELAY1_STUCK_CLOSED	Main relay 1 stuck closed	1. Power Cycle Charging Station | 2. Inspect Power Board and Main AC and verify there is no unexpected wires connected | 3. Replace Power Board	true	CRITICAL
HWPowerBoardStopCode	32	error_block_all_sessions	MAIN_RELAY2_STUCK_CLOSED	Main relay 2 stuck closed	1. Power Cycle Charging Station | 2. Inspect Power Board and Main AC and verify there is no unexpected wires connected | 3. Replace Power Board	true	CRITICAL
HWPowerBoardStopCode	33	error_block_all_sessions	SOFT_OVERCURRENT	Soft overcurrent	1. Restart charging session | 2. Power Cycle Charging Station | 3. Use another EV/consumer	false	CRITICAL
HWPowerBoardStopCode	34	error_block_all_sessions	HOST_COMMAND_TIMEOUT	Host command timeout	Only if persists | 1. Replace cable from Power Board to Main AC | 2. Replace Power Board | 3. Replace Main AC	true	CRITICAL
HWPowerBoardStopCode	35	error_block_all_sessions	MAIN_3_PHASE_MODE_NOT_AVAILABLE	Main 3 phase mode not available	1. Validate grid settings: | powerboard.onePhaseOverride in ihal/ihal.properties | ACCharging.phaseCountBasicRequest in ChargerApp/ChargerAppConfig.properties	false	CRITICAL
HWPowerBoardStopCode	36	error_block_all_sessions	INVALID_HARD_CURRENT_LIMIT	Invalid hard current limit	1. Validate Rotary Switch position	true	CRITICAL
HWPowerBoardStopCode	37	error_block_all_sessions	POWER_FAILURE	Power failure	1. Validate grid state and connection	true	CRITICAL
HWPowerBoardStopCode	38	error_block_all_sessions	BENDER_INIT_ERROR	Bender init error	1.  Power Cycle Charging Station | 2. Replace Bender	true	CRITICAL
HWPowerBoardStopCode	39	error_block_all_sessions	BENDER_SELF_TEST_ERROR	Bender self test error	1.  Power Cycle Charging Station | 2. Replace Bender	true	CRITICAL
HWPowerBoardStopCode	40	error_block_all_sessions	MAIN_RELAYS_STUCK_OPEN	Main relays stuck open	1. Power Cycle Charging Station | 2. Inspect Power Board and Main AC and verify there is no unexpected wires connected | 3. Replace Power Board	true	CRITICAL
HWPowerBoardStopCode	41	error_block_all_sessions	LOW_TEMP_FAULT_1	Low temperature fault 1	1. Verify environment conditions | 2. Replace Power Board	true	CRITICAL
HWPowerBoardStopCode	42	error_block_all_sessions	LOW_TEMP_FAULT_2	Low temperature fault 2	1. Verify environment conditions | 2. Replace Power Board	true	CRITICAL
PowerBoardFault	0	warning	IMDBenderError	An internal fault of the IMD unit is present	1. Power Cycle Charging Station | 2. Use another EV/consumer | 3. Check Bender unit connection to Power Board | 4. Replace Bender unit | 5. Replace Power Board	true	LOW
PowerBoardFault	1	warning	IMDBenderDC1X6Fault	A fault (leakage indicated by output #1 of IMD module) is present	1. Power Cycle Charging Station | 2. Use another EV/consumer | 3. Check Bender unit connection to Power Board | 4. Replace Bender unit | 5. Replace Power Board	true	LOW
PowerBoardFault	2	warning	IMDBenderDC2X30Fault	A fault (leakage indicated by output #2 of IMD module) is present	1. Power Cycle Charging Station | 2. Use another EV/consumer | 3. Check Bender unit connection to Power Board | 4. Replace Bender unit | 5. Replace Power Board	true	LOW
PowerBoardFault	3	warning	CTBasedRCMFaultIndicator	CT-based RCM fault indicator	1. Power Cycle Charging Station | 2. Replace Power Board	true	LOW
PowerBoardFault	4	warning	MeterFault	Meter fault	1. Power Cycle Charging Station | 2. Replace Power Board	true	LOW
PowerBoardFault	5	warning	Undervoltage	Undervoltage	1. Check/fix grid voltage | 2. Verify correct PB version is installed (US vs EU variant) | 3. Power Cycle Charging station | 4. Replace PB	true	LOW
PowerBoardFault	6	warning	Overvoltage	Overvoltage	1. Check/fix grid voltage | 2. Verify correct Power Board version is installed (US vs EU variant) | 3. Power Cycle Charging station | 4. Replace Power Board	true	LOW
PowerBoardFault	7	warning	HardOvercurrent	Hard overcurrent	1. Power Cycle charging station | 2. Use another EV/connect another consumer | 3. Check for short-circuits | 4. Replace Power Board	true	LOW
PowerBoardFault	8	error_block_all_sessions	SoftOvercurrent	Soft overcurrent	1. Restart charging session | 2. Power Cycle Charging Station | 3. Use another EV/consumer	false	CRITICAL
PowerBoardFault	9	warning	IdleCurrent	Idle current	1. Inspect connections | 2. Power Cycle Charging Station | 3. Replace Power Board	true	LOW
PowerBoardFault	10	warning	HighGridFrequency	High grid frequency	1. Check/fix grid frequency | 2. Verify correct Power Board version is installed (US vs EU variant) | 3. Power Cycle Charging station | 4. Replace Power Board	true	LOW
PowerBoardFault	11	warning	LowGridFrequency	Low grid frequency	1. Check/fix grid frequency | 2. Verify correct PB version is installed (US vs EU variant) | 3. Power Cycle Charging station | 4. Replace Power Board	true	LOW
PowerBoardFault	12	warning	PhaseSequenceError	Phase sequence error	1. Check/fix phases connection: make sure it follows grid layout | 2. Power Cycle Charging station | 3. Replace Power Board	true	LOW
PowerBoardFault	13	warning	EarthFault	Earth fault	1. Check/restore earth connection | 2. Power Cycle Charging station | 3. Replace Power Board	true	LOW
PowerBoardFault	15	warning	FuseFault	Fuse fault	1. Replace M2 line fuse | 2. Replace Power Board	true	LOW
PowerBoardFault	16	warning	Overtemperature1	Overtemperature1	1. Check/fix the cooling system | 2. Replace Power Board	true	LOW
PowerBoardFault	17	warning	Overtemperature2	Overtemperature2	1. Check/fix the cooling system | 2. Replace Power Board	true	LOW
PowerBoardFault	18	warning	HostCommandTimeout	Host command timeout	1. Replace cable from Power Board to Main AC | 2. Replace Power Board | 3. Replace Main AC	true	LOW
PowerBoardFault	19	locked_warning	PowerFailureWarning	Power Failure Warning	1. Verify grid status and connection	true	HIGH
PowerBoardFault	20	error_block_all_sessions	PowerFailureFault	Power Failure Fault	1. Validate grid state and connection	true	CRITICAL
PowerBoardFault	21	warning	PhaseBLoss	Phase B Loss	1. Verify phase B grid status	true	LOW
PowerBoardFault	22	warning	PhaseCLoss	Phase C Loss	1. Verify phase C grid status	true	LOW
PowerBoardFault	23	error_block_all_sessions	RotarySwitchInvalid	Current limit rotary switch is in incorrect position	1. Validate Rotary Switch position	true	CRITICAL
PowerBoardFault	32	warning	NotReadyRegistersMismatch	Power Board is not ready to work. Registers mismatch.	1. Validate software version is correct	false	LOW
PowerBoardFault	33	warning	NotReady	Power Board is not ready to work	1. Power Cycle Charging Station | 2. Replace Power Board	true	LOW
PowerBoardFault	31	warning	VoltageWarning	Under/Over voltage warning	1. Power Cycle Charging Station | 2. Replace Power Board	true	LOW
HWBaseHAL	1	warning	PWMIsNotChanging	PWM is not changing	1. Restart charging session | 2. Use another EV/consumer | 	false	LOW
HWBaseHAL	2	warning	EvicBlocked	EVIC blocked condition detected	1. Restart charging session | 2. Use another EV/consumer | 3. Reboot charging station	false	LOW
CommonEVIC	0	error_block_all_sessions	Temperature1Error	Temperature 1 error	1. Check/fix cooling system | 2. Replace Main AC board	true	CRITICAL
CommonEVIC	1	error_block_all_sessions	Temperature2Error	Temperature 2 error	1. Check/fix cooling system | 2. Replace Main AC board	true	CRITICAL
CommonEVIC	2	error_block_all_sessions	InvalidFSMTransition	Invalid FSM transition	1. Power Cycle Charging Station | 2. Replace Main AC board	true	CRITICAL
CommonEVIC	3	warning	GlobalStop	Charging session stopped by error	1. Restart charging session | 2. Use another EV/consumer	false	LOW
CommonEVIC	4	error_block_all_sessions	CPNoDiode	Control Pilot diode error	1. Restart charging session | 2. Use another charging cable | 3. Use another EV/consumer	false	CRITICAL
CommonEVIC	5	warning	Reboot	Unintended Evic reboot detected	1. Restart charging session | 2. Reboot charging station	false	LOW
CommonEVIC	6	error_block_all_sessions	CPStateE	CP state E detected	1. Restart charging session | 2. Use another charging cable | 3. Use another EV/consumer	false	CRITICAL
InnerSM	0	warning	ERROR_STATE_RECOVER	Can not recover CP State	1. Restart charging session | 2. Reboot charging station	false	LOW
InnerSM	1	warning	ERROR_SERVER_CREATE_FAILED	Problem creating server	1. Restart charging session | 2. Reboot charging station	false	LOW
InnerSM	2	warning	ERROR_MESSAGE_IN_WRONG_STATE	Got event X in state Y but car is not in charging state!	1. Restart charging session | 2. Reboot charging station | 3. Use another EV/consumer	false	LOW
InnerSM	3	warning	ERROR_EXI_ENCODING_FAILED	EXI encoding failed	1. Restart charging session | 2. Reboot charging station | 3. Use another EV/consumer	false	LOW
InnerSM	4	warning	ERROR_PRECHARGE_VOLTAGE_RAISE_TIMEOUT	PreCharge took longer than timeoutPreChargeVoltageRaise_ms	1. Restart charging session | 2. Reboot charging station | 3. Use another EV/consumer	false	LOW
InnerSM	5	warning	ERROR_NEGATIVE_CURRENT	[Current Demand] Negative Current Value	1. Restart charging session | 2. Reboot charging station | 3. Use another EV/consumer	false	LOW
InnerSM	6	warning	ERROR_OVERLOAD	PreCharge Voltage_mV or/and Current_mA above max values	1. Restart charging session | 2. Reboot charging station | 3. Use another EV/consumer	false	LOW
InnerSM	7	warning	ERROR_RESUMING_NOT_SUPPORTED	[V2G-DC-241] Resuming session is not supported in DIN	1. Restart charging session | 2. Reboot charging station | 3. Use another EV/consumer	false	LOW
InnerSM	8	warning	ERROR_CANT_UNPAUSE	[LogicStateMachine] There is still some error can not unpause	1. Restart charging session | 2. Reboot charging station | 3. Use another EV/consumer	false	LOW
InnerSM	9	warning	ERROR_RESTART_NOT_ALLOWED	[LogicStateMachine] In current state EV Restart is not allowed	1. Restart charging session | 2. Reboot charging station | 3. Use another EV/consumer	false	LOW
InnerSM	10	warning	ERROR_NORMALIZATION_OF_NOT_RAISED_ERROR	ERROR_NORMALIZATION_OF_NOT_RAISED_ERROR	1. Restart charging session | 2. Reboot charging station | 3. Use another EV/consumer	false	LOW
InnerSM	11	warning	ERROR_PWM_CONTROL	[LogicStateMachine] PWM value has passed all conditions	1. Restart charging session | 2. Reboot charging station | 3. Use another EV/consumer	false	LOW
InnerSM	12	error_block_all_sessions	ERROR_UNAVAILABLE	State machine exit	1. Restart charging session | 2. Reboot charging station | 3. Use another EV/consumer	false	CRITICAL
InnerSM	13	warning	ERROR_NEGATIVE_VOLTAGE	[Current Demand] Negative Voltage Value	1. Restart charging session | 2. Reboot charging station | 3. Use another EV/consumer	false	LOW
InnerSM	14	error	ERROR_COMMUNICATION_BLOCKED	Communication Blocked	1. Restart charging session | 2. Reboot charging station | 3. Use another EV/consumer	false	MEDIUM
InnerSM	15	error	STUCK_IN_UNDEFINED_LOGIC_STATE	Stuck in the undefined logic state	1. Restart charging session | 2. Reboot charging station | 3. Use another EV/consumer	false	MEDIUM
InnerSM	16	error_block_all_sessions	ERROR_UNAVAILABLE_STATE_F	State F Unavailable	1. Restart charging session | 2. Reboot charging station | 3. Use another EV/consumer	false	CRITICAL
InnerSM	17	warning	ERROR_RESTART_NOT_ALLOWED_PWM_CONTROLLED_OUTSIDE	[LogicStateMachine] Not controlling PWM. Skipping EventCPEVCCRestart	1. Restart charging session | 2. Reboot charging station | 3. Use another EV/consumer	false	LOW
InnerSM	18	warning	ERROR_PWM_CONTROL_OUTSIDE_NOT_ALLOWED	[LogicStateMachine] SM is not configured to handle outer PWM Control	1. Restart charging session | 2. Reboot charging station | 3. Use another EV/consumer	false	LOW
MeterListener	0	warning	RequiredMeterNotFound	Required Meter not found	1. Verify preferred meter settings Meter.preferred.type Meter.preferred.disableChargingOnAbsence in ChargerApp/ChargerAppConfig.properties | 2. Reboot charging station | 3. Check/fix meter connection | 4. Check/replace meter |  | 	true	LOW
MeterListener	1	error_block_all_sessions	RequiredMeterMissing	Required Meter missing	1. Verify preferred meter settings Meter.preferred.type Meter.preferred.disableChargingOnAbsence in ChargerApp/ChargerAppConfig.properties | 2. Reboot charging station | 3. Check/fix meter connection | 4. Check/replace meter | 	true	CRITICAL
MeterListener	2	warning	PreferredMeterMissing	Preferred Meter missing	1. Verify preferred meter settings Meter.preferred.type Meter.preferred.disableChargingOnAbsence in ChargerApp/ChargerAppConfig.properties | 2. Reboot charging station | 3. Check/fix meter connection | 4. Check/replace meter | 	true	LOW
HLCStateMachine	1	error	Error_V2G_TCP_ConnectionClosed	V2G connection closed	1. Restart charging session | 2. Reboot charging station | 3. Use another EV/consumer	false	MEDIUM
HLCStateMachine	2	warning_reset_current_session	Error_Wrong_ChargeParameters	V2G requested energy type is not supported or could not be found in list of energy types	1. Restart charging session | 2. Reboot charging station | 3. Use another EV/consumer	false	HIGH
HLCStateMachine	3	error	Error_SupportedSchemaNotFound	V2G Can not get schema to use	1. Restart charging session | 2. Reboot charging station | 3. Use another EV/consumer	false	MEDIUM
HLCStateMachine	4	error	Error_V2G_SessionSequenceError	V2G wrong sequence	1. Restart charging session | 2. Reboot charging station | 3. Use another EV/consumer	false	MEDIUM
HLCStateMachine	5	error	Error_PrechargeResTimeout	V2G PrechargeRes timeout	1. Restart charging session | 2. Reboot charging station | 3. Use another EV/consumer	false	MEDIUM
HLCStateMachine	6	error	Error_CurrentDemandResTimeout	V2G CurrentDemandRes timeout	1. Restart charging session | 2. Reboot charging station | 3. Use another EV/consumer	false	MEDIUM
HLCStateMachine	7	error	Error_WeldingDetectionResTimeout	V2G WeldingDetectionRes timeout	1. Restart charging session | 2. Reboot charging station | 3. Use another EV/consumer	false	MEDIUM
HLCStateMachine	8	error	Error_CertificateInstallationReq_EmptyExi	V2G CertificateInstallationReq empty exi	1. Restart charging session | 2. Reboot charging station | 3. Use another EV/consumer	false	MEDIUM
HLCStateMachine	9	error	Error_CertificateUpdateReq_EmptyExi	V2G CertificateUpdateReq empty exi	1. Restart charging session | 2. Reboot charging station | 3. Use another EV/consumer	false	MEDIUM
HLCStateMachine	10	error	Error_CertificateUpdate_NoActivityTimeout	V2G CertificateUpdateRes timeout	1. Restart charging session | 2. Reboot charging station | 3. Use another EV/consumer	false	MEDIUM
HLCStateMachine	11	error	Error_CertificateInstallation_NoActivityTimeout	V2G CertificateInstallationRes timeout	1. Restart charging session | 2. Reboot charging station | 3. Use another EV/consumer	false	MEDIUM
HLCStateMachine	12	error	Error_PreComVoltageCheck	V2G pre com voltage check failed	1. Restart charging session | 2. Reboot charging station | 3. Use another EV/consumer	false	MEDIUM
HLCStateMachine	13	error	Error_CableCheck_NoActivityTimeout	V2G CableCheckRes timeout	1. Restart charging session | 2. Reboot charging station | 3. Use another EV/consumer	false	MEDIUM
HLCStateMachine	14	error	Error_Precharge_NoActivityTimeout	V2G PrechargeRes timeout	1. Restart charging session | 2. Reboot charging station | 3. Use another EV/consumer	false	MEDIUM
HLCStateMachine	15	error	Error_Precharge_CarIsNotReadyForPowerDelivery	V2G energy transfer is not allowed during precharge	1. Restart charging session | 2. Reboot charging station | 3. Use another EV/consumer	false	MEDIUM
HLCStateMachine	16	error	Error_PowerDeliveryStartAC_CarIsNotReadyForPD	V2G energy transfer is not allowed during power delivery start(AC)	1. Restart charging session | 2. Reboot charging station | 3. Use another EV/consumer	false	MEDIUM
HLCStateMachine	17	error	Error_ReadyToCharge_CarIsNotReadyForPowerDelivery	V2G energy transfer is not allowed during V2GReadyToCharge state	1. Restart charging session | 2. Reboot charging station | 3. Use another EV/consumer	false	MEDIUM
HLCStateMachine	18	error	Error_CurrentDemand_CarIsNotReadyForPowerDelivery	V2G energy transfer is not allowed during V2GCurrentDemandMessaging state	1. Restart charging session | 2. Reboot charging station | 3. Use another EV/consumer	false	MEDIUM
HLCStateMachine	19	error	Error_DcBpt_SendPowerDeliveryReplyError	V2G Error during sending PowerDeliveryReplyResBpt	1. Restart charging session | 2. Reboot charging station | 3. Use another EV/consumer	false	MEDIUM
HLCStateMachine	0	error	Info_V2G_SessionStop	V2G session stop	1. Restart charging session | 2. Reboot charging station | 3. Use another EV/consumer	false	MEDIUM
HLCStateMachine	20	error	Error_PowerDeliveryStartTimeout	V2G PowerDeliveryRes timeout during PowerDelivery start phase	1. Restart charging session | 2. Reboot charging station | 3. Use another EV/consumer	false	MEDIUM
HLCStateMachine	21	error	Error_NoCurrentDemandRequest	V2G CurrentDemandReq has not been sent	1. Restart charging session | 2. Reboot charging station | 3. Use another EV/consumer	false	MEDIUM
HLCStateMachine	22	error	Error_DcBpt_SendCurrentDemandError	V2G Error during sending CurrentDemandResBpt	1. Restart charging session | 2. Reboot charging station | 3. Use another EV/consumer	false	MEDIUM
HLCStateMachine	23	error	Error_PowerDeliveryStopResTimeout	V2G PowerDeliveryRes timeout during PowerDelivery stop phase	1. Restart charging session | 2. Reboot charging station | 3. Use another EV/consumer	false	MEDIUM
HLCStateMachine	24	error	Error_V2G_Unknown	V2G unknown error	1. Restart charging session | 2. Reboot charging station | 3. Use another EV/consumer	false	MEDIUM
PowerBoardHAL	6	warning_reset_current_session	Error_EVNotObeyImposedLimit	EV does not obey imposed limit	1. Restart charging session | 2. Use another EV/consumer	false	HIGH
HWPowerBoardStopCode	43	error_block_all_sessions	EARTH_RELAY_STUCK_OPEN	Earth relay stuck open	1. Power Cycle Charging Station | 2. Inspect Power Board and Main AC and verify there is no unexpected wires connected | 3. Replace Power Board	true	CRITICAL
HWPowerBoardStopCode	44	error_block_all_sessions	EARTH_RELAY_STUCK_CLOSED	Earth relay stuck closed	1. Power Cycle Charging Station | 2. Inspect Power Board and Main AC and verify there is no unexpected wires connected | 3. Replace Power Board	true	CRITICAL
HWPowerBoardStopCode	45	error_block_all_sessions	OVERTEMPERATURE_3	Overtemperature 3	1. Check/fix the cooling system | 2. Replace Power Board	true	CRITICAL
HWPowerBoardStopCode	46	error_block_all_sessions	LOW_TEMP_FAULT_3	Low temp fault 3	1. Verify environment conditions | 2. Replace Power Board	true	CRITICAL
HWPowerBoardStopCode	47	error_block_all_sessions	RELAY_HOLD_VOLTAGE_FAULT	Relay hold voltage fault	1. Power Cycle Charging Station | 2. Replace Power Board	true	CRITICAL
HWPowerBoardStopCode	48	error_block_all_sessions	RELAY_FULL_VOLTAGE_FAULT	Relay full voltage fault	1. Power Cycle Charging Station | 2. Replace Power Board	true	CRITICAL
HWPowerBoardStopCode	49	error_block_all_sessions	CT_TEST_FAULT	CT test fault	1. Power Cycle Charging Station | 2. Replace Power Board	true	CRITICAL
HWPowerBoardStopCode	50	error_block_all_sessions	VARIANT_SOCKET_FAULT	Socket variant selection fault	"1. Verify operation variant jumper position | 2. Power Cycle Charging Station | 3. Replace Power Board"""	true	CRITICAL
HWPowerBoardStopCode	51	error_block_all_sessions	OVERTEMPERATURE_4	Overtemperature 4	1. Check/fix the cooling system | 2. Replace Power Board	true	CRITICAL
HWPowerBoardStopCode	52	error_block_all_sessions	LOW_TEMP_FAULT_4	Low temperature fault 4	1. Verify environment conditions | 2. Replace Power Board	true	CRITICAL
HWPowerBoardStopCode	53	error_block_all_sessions	NVM_DATA_FAULT	NVM data corrupted	1. Power Cycle Charging Session | 2. Replace Power Board	true	CRITICAL
EnergyManagerPowerBalance	0	warning_reset_current_session	ENERGY_MANAGER_POWER_IMBALANCE_DETECTED	Phase power imbalance detected	No action is required	false	HIGH
HWPowerBoardStopCodeRu	0	warning_reset_current_session	PEN_ERROR	PEN error		false	HIGH
HWPowerBoardStopCodeRu	1	warning_reset_current_session	PEN_FAULT	PEN fault		false	HIGH
HWPowerBoardStopCodeRu	2	warning_reset_current_session	NE_FAULT	NE fault		false	HIGH
PowerBoardFault	24	error_block_all_sessions	Temperature1LessThanLowerLimit	Temperature 1 is less than the lower limit	1. Check/fix the heating system | 2. Replace Power Board	true	CRITICAL
PowerBoardFault	25	error_block_all_sessions	Temperature2LessThanLowerLimit	Temperature 2 is less than the lower limit	1. Check/fix the heating system | 2. Replace Power Board	true	CRITICAL
PowerBoardFaultRu	26	error_block_all_sessions	UserButtonStuck	User button is stuck		false	CRITICAL
PowerBoardFaultRu	27	error_block_all_sessions	InvalidRTConfig	Invalid RT Config packet received		false	CRITICAL
PowerBoardFaultRu	28	error_block_all_sessions	PENFault	PEN fault		false	CRITICAL
PowerBoardFaultRu	29	error_block_all_sessions	NEFault	N to E voltage fault		false	CRITICAL
PowerBoardFaultRu	30	error_block_all_sessions	PENError	PEN module error		false	CRITICAL
HWBaseHAL	3	error_block_all_sessions	InvalidPPStateInCPStateB	Invalid PP State in CP State B	1. Check/replace charging cable | 2. Power Cycle Charging station | 3. Replace Power Board	true	CRITICAL
HWSpecificHAL	8	error_block_all_sessions	WAIT_CABLE_UNPLUG_AFTER_IMD	Wait cable unplug after IMD error	1. Unplug Cable | 2. Power Cycle Charging Session | 3. Replace Main board	true	CRITICAL
ocpp-cmd	1	warning	OCPP_CONNECTION_ERROR	OCPP cannot connect to Central System	1. Check and fix OCPP Central System settings | 2. Check and fix network configuration and settings  | 3. Restart charging station | 4. Replace Main AC board	true	LOW
iotc-eebus-evcs	1	warning	EEBUS_LOST_CONNECTION	EEBus connection is lost	1. Check and fix CEM settings | 2. Check and fix network configuration and settings  | 3. Restart charging station | 4. Replace Main AC board	true	LOW
PowerBoardHAL	7	warning_reset_current_session	ErrorStartingChargingOnInactiveConnector	Internal HAL error. Socket priority issue.	1. Restart charging session | 2. Reboot charging station	false	HIGH
PowerBoardHAL	9	error_block_all_sessions	CONTACTORS_ENABLE_SIGNAL_MISMATCH	Relay enable signal mismatch	1. Check the cable between Main Board and Power Board | 2. Replace the cable | Replace Power Board	true	CRITICAL
PowerBoardHAL	10	error_block_all_sessions	HOST_COMMAND_FEEDBACK_MISMATCH	Feedback from PB doesn't match commands	1. Power Cycle Charging Station | 2. Replace Power Board	true	CRITICAL
PowerBoardHAL	11	error_block_all_sessions	HOST_COMMAND_FEEDBACK_TIMEOUT	No feedback from PB	1. Power Cycle Charging Station | 2. Replace Power Board	true	CRITICAL
HWPowerBoardStopCodeRu	3	error_block_all_sessions	LOCK_TEST_FAULT	Socket lock self-test failure	1. Power cycle with 10 minutes pause (after power off) | 2. Check lock wiring | 3. Replace Power board	true	CRITICAL
Eichrecht	0	error_block_all_sessions	EICHRECHT_ERROR_STATE_TERMINAL	Meter in error state		false	CRITICAL
Eichrecht	1	error_block_all_sessions	EICHRECHT_ERROR_STATE_UNAVAILABLE	Meter temporarily unavailable		false	CRITICAL
Eichrecht	2	warning_reset_current_session	EICHRECHT_ERROR_STATE_ORPHAN_SESSION	Orphan session found		false	HIGH
InnerSM	19	warning_reset_current_session	CHARGING_CONFIRMATION_TIMEOUT	Charging was not confirmed by confirmers. Timeout.	1. Restart charging session | 2. Reboot charging station | 3. Use another EV/consumer	true	HIGH
InnerSM	20	warning_reset_current_session	CHARGING_CONFIRMATION_DECLINED	Charging was declined by confirmers.	1. Restart charging session | 2. Reboot charging station | 3. Use another EV/consumer	true	HIGH
VASServer	1	warning_reset_current_session	VAS_SERVER_RECEIVE_TIMEOUT	VAS server error 		false	HIGH
CommonEVIC	7	error_block_all_sessions	CPLineDCDCError	CP line DCDC error	1. Power cycle of Charging station | 2. Measure CP-line voltage | 3. Replace Main board	true	CRITICAL
HWHalMg	12	error_block_all_sessions	Error_Battery_Overvoltage	Overvoltage at battery side		false	CRITICAL
HWHalArCIU	0	error_block_all_sessions	ErrorCIU_CriticalCommError	Critical Comm Error		false	CRITICAL
HWHalArMIU1	0	error_block_all_sessions	ErrorMIU1_PhaseOutUnderVoltageFault	Phase Out Under-Voltage		false	CRITICAL
HWHalArMIU2	0	error_block_all_sessions	ErrorMIU2_HeatsinkTempSensorFault	Heatsink TempSensor fault		false	CRITICAL
HWHalArMIU3	0	error_block_all_sessions	ErrorMIU3_FlashChecksumShutdown	Flash checksum shutdown		false	CRITICAL
HWHalArMIU4	0	error_block_all_sessions	ErrorMIU4_LcaOvrCurrShgutdown	Lca ovr curr shutdown		false	CRITICAL
HWHalArMIU5	1	error_block_all_sessions	ErrorMIU5_DcLinkUndervoltageShutdown	Dc link undervoltage shutdown		false	CRITICAL
HWSpecificHAL	19	warning_reset_current_session	EmergencyStop	Emergency stop	1. Verify Emergency button is not pressed | 2. Check buttons' wiring or replace Emergency button | 3. Replace Main board	true	HIGH
HLCStateMachine	25	error	Error_AuthorizationResTimeout	Authorization response performance timeout	1. Restart charging session | 2. Reboot charging station | 3. Use another EV/consumer	false	MEDIUM
HLCStateMachine	26	error	Error_ServiceDiscoveryResTimeout	Service discovery response performance timeout	1. Restart charging session | 2. Reboot charging station | 3. Use another EV/consumer	false	MEDIUM
HLCStateMachine	27	error	Error_SupportedAppProtocolResTimeout	Supported app protocol response performance timeout	1. Restart charging session | 2. Reboot charging station | 3. Use another EV/consumer	false	MEDIUM
HLCStateMachine	28	error	Error_SessionSetupResTimeout	Session setup response performance timeout	1. Restart charging session | 2. Reboot charging station | 3. Use another EV/consumer	false	MEDIUM
HLCStateMachine	29	error	Error_ServiceDetailResTimeout	Service detail response performance timeout	1. Restart charging session | 2. Reboot charging station | 3. Use another EV/consumer	false	MEDIUM
HLCStateMachine	30	error	Error_ServiceSelectionResTimeout	Service selection response performance timeout	1. Restart charging session | 2. Reboot charging station | 3. Use another EV/consumer	false	MEDIUM
HLCStateMachine	31	error	Error_ChargeParameterDiscoveryResTimeout	Service selection response performance timeout	1. Restart charging session | 2. Reboot charging station | 3. Use another EV/consumer	false	MEDIUM
HLCStateMachineDC	32	error	Error_CableCheckResTimeout	Cable check response performance timeout	1. Restart charging session | 2. Reboot charging station | 3. Use another EV/consumer	false	MEDIUM
HLCStateMachine	33	error	Error_PowerDeliveryStartResTimeout	Power delivery start response performance timeout	1. Restart charging session | 2. Reboot charging station | 3. Use another EV/consumer	false	MEDIUM
HLCStateMachine	34	error	Error_SessionStopResTimeout	Session stop response performance timeout	1. Reboot charging station	false	MEDIUM
HWSpecificHAL	20	error_block_all_sessions	Error_RectifierConnectionFailed	Rectifier Connection Failed	1. Check Rectifier connection to Dispenser | 2. Reboot Rectifier	false	CRITICAL
CommonEVIC	8	error_block_all_sessions	ContactorWelded	Contactor welded	1. Check contactors | 2. Check wiring | 2. Power Cycle Charging Station	true	CRITICAL
CommonEVIC	9	error_block_all_sessions	CableCheckFault	Cable Check Fault	1. Power Cycle Charging Station | 2. Check Charging Cable connection | 3. Replace Charging Cable | 4. Check Power Socket connection | 5. Replace Power Socket | 6. Replace Power Board	true	CRITICAL
CommonEVIC	10	error_block_all_sessions	IMDFault	IMD Fault	1. Power Cycle Charging Station | 2. Check wiring | 3. Replace the Power Board/StarterKit	true	CRITICAL
EnergyManager	1	warning	EM_state_change_error	State change error	1. Restart charging session | 2. Reboot charging station | 3. Use another EV/consumer	false	LOW
EnergyManager	2	warning_reset_current_session	EM_start_session_error	Start session failed	1. Restart charging session | 2. Reboot charging station | 3. Use another EV/consumer	false	HIGH
PowerBoardHAL	21	error_block_all_sessions	LockFailure	Lock is disconnected	1. Check Lock cable is plugged in | 2. Replace Lock Cable | 3. Replace Lock | 4. Replace Power Board	true	CRITICAL
SoftLimitMonitor	1	error	MeterValuesNotReceived	No meter values for Overcurrent Protection	1. Power Cycle Charging Station | 2. Replace Power Board	true	MEDIUM
SoftLimitMonitor	2	error	OvercurrentDetected	Overcurrent detected	1. Restart charging session | 2. Power Cycle Charging Station | 3. Use another EV/consumer	false	MEDIUM
MeterECR380D	0	warning	DataUnavailable	Connection established. Measurements Data Unavailable	1. Check meters' wiring	true	LOW
MeterECR380D	1	warning	ConnectionFailed	Connection Failed	1. Check meters' configuration | 2. Check meters' wiring | 3. Reboot charger | 4. Replace meter.	true	LOW
HWHalMg	24	warning	RectifierUnavailableOnStartup	The data from Rectifier are not received after the system started, the timeout was reached. Builtin parameters are applied		false	LOW
IotcMeterModbusGeneral	0	warning	DataUnavailable	Reading registers failed from Modbus meter	Check meter wiring. Reboot charger. Replace meter.	true	LOW
IotcMeterModbusGeneral	1	warning	ConnectionFailed	Connection Failed	1. Check meters' configuration | 2. Check meters' wiring | 3. Reboot charger | 4. Replace meter.	true	LOW
IotcMeterModbusGeneral	2	warning	AutoDetectionFailed	Detecting Modbus meter failed	1. Check if correct meter is selected in configuration | 2. Check meters' wiring | 3. Reboot charger | 4. Replace meter.	true	LOW
DcEvicGlobalStop	1	error	CableCheckPreconditionInvalidCPState	Cable check precondition: Invalid CP state		false	MEDIUM
DcEvicGlobalStop	2	error	CableCheckPreconditionInvalidPPState	Cable check precondition: Invalid PP state		false	MEDIUM
DcEvicGlobalStop	3	error	CableCheckPreconditionIMDFailure	Cable check precondition: IMD failure		false	MEDIUM
DcEvicGlobalStop	4	error	CableCheckPreconditionUndervoltage	Cable check precondition: Undervoltage		false	MEDIUM
DcEvicGlobalStop	5	error	CableCheckPreconditionOvervoltage	Cable check precondition: Overvoltage		false	MEDIUM
DcEvicGlobalStop	6	error	CableCheckPreconditionRectifierNotReady	Cable check precondition: rectifier not ready		false	MEDIUM
DcEvicGlobalStop	7	error	CableCheckPreconditionRectifierModeMismatch	Cable check precondition: rectifier mode mismatch		false	MEDIUM
DcEvicGlobalStop	8	error	CableCheckPreconditionShortCircuitTest	Cable check: short circuit test failed		false	MEDIUM
DcEvicGlobalStop	9	error	CableCheckPreconditionIMDSelftestDetectFailed	Cable check: IMD selftest detect failed		false	MEDIUM
DcEvicGlobalStop	10	error	CableCheckPreconditionIMDSelftestClearFailed	Cable check: IMD selftest clear failed		false	MEDIUM
DcEvicGlobalStop	11	error	CableCheckPreconditionRectifierFailed	Cable check: rectifier failed		false	MEDIUM
DcEvicGlobalStop	12	error	CableCheckPreconditionUnexpectedIMDEvent	Cable check: unexpected IMD event		false	MEDIUM
CommonEvicGlobalStop	13	error	UnexpectedCPStateChange	Unexpected CP state change	1. Check/replace charging cable | 2. Use another EV/consumer | 3. Replace Main board	true	MEDIUM
CommonEvicGlobalStop	14	error	UnexpectedPPStateChange	Unexpected PP state change	1. Check/replace charging cable | 2. Use another EV/consume | 3. Replace Main board	true	MEDIUM
DcEvicGlobalStop	15	error	IMDFailure	IMD failure		false	MEDIUM
CommonEvicGlobalStop	16	error	Overtemperature	Overtemperature	1. Power off charging station | 2. Check the temperature of charger's components | 3. Find and remove the reason of overheating | 4. Wait until charging station get colder | 5. Replace Power board	true	MEDIUM
CommonEvicGlobalStop	17	error	ExternalEmergencyStop	External emergency stop line was triggered	1. Check Emergency button and wiring | 2. Check/replace Main board	true	MEDIUM
DcEvicGlobalStop	18	error	RectifierConnectionFailed	Rectifier Connection Failed		false	MEDIUM
DcEvicGlobalStop	19	error	RectifierFailure	Rectifier failure		false	MEDIUM
CommonEvicGlobalStop	20	error	UnexpectedCPPWMCommand	Unexpected attempt to set new PWM duty ratio	1. Power Cycle Charging Station | 2. Replace Main board	true	MEDIUM
DcEvicGlobalStop	21	error	CurrentRampDownTimeout	Current ramp down timeout		false	MEDIUM
AcEvicGlobalStop	22	error	PowerBoardFault	Power board fault	1. Power Cycle Charging station | 2. Replace Power Board	true	MEDIUM
CommonEvicGlobalStop	23	error	ChargingWatchdogInterruption	Watchdog interrupt during charging session	1. Power Cycle Charging Station	true	MEDIUM
DcEvicGlobalStop	24	error	RectifierTemperatureFault	Rectifier temperature fault		false	MEDIUM
AcEvicGlobalStop	25	error	NotChargingWatchdogInterruption	Watchdog interrupt out of charging session	1. Power Cycle Charging Station	true	MEDIUM
CommonEvicGlobalStop	26	error	EVIgnoredCPStateC1	EV ignored EVSE transition to C1 state	1. Power Cycle Charging Station | 2. Use another EV/consumer	true	MEDIUM
DcEvicGlobalStop	27	error	ContactorDidNotOpen	Contactor did not open		false	MEDIUM
DcEvicGlobalStop	28	error	ContactorDidNotClose	Contactor did not close		false	MEDIUM
Monit	3	warning	AppHasRestarted	App has restarted	No special actions are required	false	LOW
Monit	6	warning	ProcessRestartedTooOften	Process restarted too often	No special actions are required	false	LOW
HMIboard	0	warning	HMIBboardIsNotReady	HMI board is not ready	1. Check HMI board connection | 2. Replace HMI board cable | 3. Replace HMI board | 4. Replace Main AC	false	LOW
HMIboard	1	warning	HMIBoardInitTimeout	HMI board init timeout	1. Check HMI board connection | 2. Replace HMI board cable | 3. Replace HMI board | 4. Replace Main AC	false	LOW
PlazaCommunication	1	warning_reset_current_session	NoScheduleResponse	No response for schedules request from Plaza	1. Check network connection | 2. Check Plaza configuration | 	false	HIGH
PowerBoardFault	100	error	UnknownPBFault	Power board Fault that is unknown - not specified in error registry.	1. Replace Power Board	false	MEDIUM
MeterQiPower	0	error	MeterIsMissing	The data from the meter was not updated during the timeout	1. Check connection with the meter | 2. Check meter connection configuration on the charger | 3. Check the meter configuration	false	MEDIUM
TamperDetection	1	error_block_all_sessions	LidOpen	Charger lid is open	1. Check charger lid	true	CRITICAL
TamperDetection	2	error	LidClose	Charger lid is close		false	MEDIUM
TamperDetection	3	error_block_all_sessions	LidCloseWaitUnplug	Wait cable unplug after lid was closed		false	CRITICAL
HLCStateMachine	35	error	Error_V2G_ExiDocProcessing	V2G Exi document processin error		false	MEDIUM
CommonEVIC	11	error	IMDWarningDuringCableCheck	IMD Warning during CableCheck	1. Power Cycle Charging Station | 2. Check wiring | 3. Replace the IMD Sensor	true	MEDIUM
CommonEVIC	12	warning	IMDWarningOutsideCableCheck	IMD Warning after CableCheck passed	1. Power Cycle Charging Station | 2. Check wiring | 3. Replace the IMD Sensor	true	LOW
HWHalMg	25	error	ErrorShortCircuitTestFailed	Short circuit test failed during cable check	1. Check connector for short circuit	true	MEDIUM
HWHalMg	26	error	DcSourceCommError	DcHub communication error	1. Check DcHub communication	true	MEDIUM
HWHalMg	27	error	DcSourceErrorInverter	DcHub error inverter	1. Check DcHub inverter	true	MEDIUM
HWHalAIM	0	error_block_all_sessions	UnderFrequencyDisconnection	Under Frequency detected. Disconneted from the grid.	1. Check grid network	false	CRITICAL
HWHalAIM	1	error_block_all_sessions	OverFrequencyDisconnection	Over Frequency detected. Disconneted from the grid.	1. Check grid network	false	CRITICAL
HWHalAIM	2	error_block_all_sessions	GridFaultUnderVoltage	Grid Fault Under Voltage detected. Providing of active/reactive power is stopped.	1. Check grid network	false	CRITICAL
HWHalAIM	3	error_block_all_sessions	GridFaultOverVoltage	Grid Fault Over Voltage detected. Providing of active/reactive power is stopped.	1. Check grid network	false	CRITICAL
HWHalAIM	4	error_block_all_sessions	UnderVoltageStage1Disconnection	Under Voltage (Stage 1) detected. Disconnected from the grid.	1. Check grid network	false	CRITICAL
HWHalAIM	5	error_block_all_sessions	OverVoltageStage1Disconnection	Over Voltage (Stage 1) detected. Disconnected from the grid.	1. Check grid network	false	CRITICAL
HWHalAIM	6	error_block_all_sessions	UnderVoltageStage2Disconnection	Under Voltage (Stage 2) detected. Disconnected from the grid.	1. Check grid network	false	CRITICAL
HWHalAIM	7	error_block_all_sessions	OverVoltageStage2Disconnection	Over Voltage (Stage 2) detected. Disconnected from the grid.	1. Check grid network	false	CRITICAL
UpdateFirmware	0	warning	UpdateValidationFailedInvalidSignature	Update signature validation failed	1. Make sure that the update is correct | 2. Contact support	false	LOW
UpdateFirmware	1	warning	UpdateValidationFailedInvalidChecksum	Update checksum verification failed	1. Make sure that the update is correct | 2. Make sure that the checksum provided within the update is correct | 3. Retry the update procedure | 4. Contact support	false	LOW
UpdateFirmware	2	warning	UpdateValidationFailedInvalidCertificate	Update certificate validation failed	1. Make sure that the update is correct | 2. Contact support	false	LOW
UpdateFirmware	3	warning	UpdateValidationFailedInvalidRootFsSignature	Update rootfs signature validation failed	1. Make sure that the update is correct | 2. Contact support	false	LOW
InnerSM	21	error_block_all_sessions	REPEATING_ERRORS	Charger is blocked by repeating error		false	CRITICAL
Health	1	error_block_all_sessions	StorageFallbackMode	Fallback mode		false	CRITICAL
Health	2	warning	EmmcHighWearing	eMMC wearing is high		false	LOW
Health	3	error	EmmcCriticalWearing	eMMC wearing is critical		false	MEDIUM
InnerSM	22	warning	BasicChargingCurrentDecreaseAtStart	There was decrease in current at the start of basic charging		false	LOW
HWHalArCIU	1	error_block_all_sessions	ErrorCIU_KeyFault	Key Fault		false	CRITICAL
HWHalArCIU	2	error_block_all_sessions	ErrorCIU_ControlValuesReceiptFault	Control Values Receipt Failure		false	CRITICAL
HWHalArCIU	3	error_block_all_sessions	ErrorCIU_CANorModbusCommFault	CAN &/or Modbus Comm. Error		false	CRITICAL
HWHalArCIU	6	error_block_all_sessions	ErrorCIU_CIUFault	CIU Faulted		false	CRITICAL
HWHalArCIU	7	error_block_all_sessions	ErrorCIU_MIUFault	MIU Faulted		false	CRITICAL
HWHalArCIU	8	error_block_all_sessions	ErrorCIU_EPOShutdown	EPO Shutdown		false	CRITICAL
HWHalArCIU	13	error_block_all_sessions	ErrorCIU_LowLVPSFault	Low LVPS Fault		false	CRITICAL
HWHalArCIU	14	error_block_all_sessions	ErrorCIU_LowBattFault	Low Batt. Fault		false	CRITICAL
HWHalArCIU	15	error_block_all_sessions	ErrorCIU_LowBattOvrRangeFault	Ambient Sens. Ovr. Range		false	CRITICAL
HWHalArMIU1	1	error_block_all_sessions	ErrorMIU1_PhaseOutOverVoltageFault	Phase Out Over-Voltage		false	CRITICAL
HWHalArMIU1	2	error_block_all_sessions	ErrorMIU1_HeatsinkOverTempFault	Heatsink OverTemp fault		false	CRITICAL
HWHalArMIU1	3	error_block_all_sessions	ErrorMIU1_ArrayOvervoltageFault	Array Overvoltage fault		false	CRITICAL
HWHalArMIU1	4	error_block_all_sessions	ErrorMIU1_DcLinkOvervoltageFault	Dc Link Overvoltage fault		false	CRITICAL
HWHalArMIU1	5	error_block_all_sessions	ErrorMIU1_DcBusHardwareFault	DC Bus Hardware Fault		false	CRITICAL
HWHalArMIU1	7	error_block_all_sessions	ErrorMIU1_SoftwareProcessingShutdown	Software processing shutdown		false	CRITICAL
HWHalArMIU1	8	error_block_all_sessions	ErrorMIU1_UnitResponseTimeoutFault	Unit Response Timeout		false	CRITICAL
HWHalArMIU1	9	error_block_all_sessions	ErrorMIU1_CurrentLimitTimeoutShutdownFault	Current Limit timeout shutdown		false	CRITICAL
HWHalArMIU1	10	error_block_all_sessions	ErrorMIU1_CriticalCommunicationFault	Critical communication fault		false	CRITICAL
HWHalArMIU1	11	error_block_all_sessions	ErrorMIU1_OffsetIrShutdownFault	Offset Ir Shutdown		false	CRITICAL
HWHalArMIU1	12	error_block_all_sessions	ErrorMIU1_OffsetIsShutdownFault	Offset Is Shutdown		false	CRITICAL
HWHalArMIU1	13	error_block_all_sessions	ErrorMIU1_K1FailureToClose	K1 Failure to Close		false	CRITICAL
HWHalArMIU1	14	error_block_all_sessions	ErrorMIU1_K1WeldedFault	K1 Welded		false	CRITICAL
HWHalArMIU1	15	error_block_all_sessions	ErrorMIU1_EPOShutdownFault	EPO Shutdown		false	CRITICAL
HWHalArMIU2	1	error_block_all_sessions	ErrorMIU2_UnexpectedDCBusFault	Unexpected DC Bus fault		false	CRITICAL
HWHalArMIU2	3	error_block_all_sessions	ErrorMIU2_DcBusOverCurrentShutdown	DC Bus OverCurrent Shutdown		false	CRITICAL
HWHalArMIU2	4	error_block_all_sessions	ErrorMIU2_ThermalOverloadShutdown	Thermal OverLoad Shutdown		false	CRITICAL
HWHalArMIU2	5	error_block_all_sessions	ErrorMIU2_HeatSinkTempSenseDislocated	Heatsink TempSense Dislocated fault		false	CRITICAL
HWHalArMIU2	8	error_block_all_sessions	ErrorMIU2_DCInputReversePolarityShutdown	DC Input Reverse Polarity Shutdown		false	CRITICAL
HWHalArMIU2	9	error_block_all_sessions	ErrorMIU2_DCBusReversePowerFault	DC Bus Reverse Power Fault		false	CRITICAL
HWHalArMIU2	13	error_block_all_sessions	ErrorMIU2_PrechargeFailShutdown	Precharge Fail Shutdown		false	CRITICAL
HWHalArMIU2	14	error_block_all_sessions	ErrorMIU2_DCPosContactorWelded	DC Pos Contactor Welded fault		false	CRITICAL
HWHalArMIU2	15	error_block_all_sessions	ErrorMIU2_DCPosContactorOpenFault	DC Pos Contactor Open fault		false	CRITICAL
HWHalArMIU3	1	error_block_all_sessions	ErrorMIU3_WrongInitialVoltageStartupShutdown	Wrong initial voltage at startup shutdown		false	CRITICAL
HWHalArMIU3	2	error_block_all_sessions	ErrorMIU3_SinglePhaseOpenShutdown	Single phase open shutdown		false	CRITICAL
HWHalArMIU3	3	error_block_all_sessions	ErrorMIU3_SyncErrorTimeourShutdown	Sync error timeout shutdown		false	CRITICAL
HWHalArMIU3	4	error_block_all_sessions	ErrorMIU3_GridPhaseSeqReverseShutdown	Grid phase seq reverse shutdown		false	CRITICAL
HWHalArMIU3	5	error_block_all_sessions	ErrorMIU3_InverterUnderFreqShutdown	Inverter under freq shutdown		false	CRITICAL
HWHalArMIU3	6	error_block_all_sessions	ErrorMIU3_InverterOverFreqShutdown	Inverter over freq shutdown		false	CRITICAL
HWHalArMIU3	7	error_block_all_sessions	ErrorMIU3_LcaGridHwFitShutdown	Lca grid hardware flt shutdown		false	CRITICAL
HWHalArMIU3	8	error_block_all_sessions	ErrorMIU3_SoftwareOverCrntShutdown	Software over crnt shutdown		false	CRITICAL
HWHalArMIU3	11	error_block_all_sessions	ErrorMIU3_ProgramConfigInvalid	Program configuration invalid		false	CRITICAL
HWHalArMIU3	13	error_block_all_sessions	ErrorMIU3_PowerSupplyRangeShutdown	Power supply range shutdown		false	CRITICAL
HWHalArMIU3	14	error_block_all_sessions	ErrorMIU3_Ext_ad_a_shtdwn	Ext_ad_a_shtdwn		false	CRITICAL
HWHalArMIU3	15	error_block_all_sessions	ErrorMIU3_Ext_ad_b_shtdwn	Ext_ad_b_shtdwn		false	CRITICAL
HWHalArMIU4	1	error_block_all_sessions	ErrorMIU4_LcaDtFaultShtdwn	Lca dt fault shtdwn		false	CRITICAL
HWHalArMIU4	2	error_block_all_sessions	ErrorMIU4_LcaDcLinkPvervoltageShtdwn	Lca dc link overvoltage shtdwn		false	CRITICAL
HWHalArMIU4	3	error_block_all_sessions	ErrorMIU4_LcaOverCurrShortShtdwn	Lca ovr curr short shtdwn		false	CRITICAL
HWHalArMIU4	4	error_block_all_sessions	ErrorMIU4_LcaCnegFaultShutdown	Lca cneg fault shutdown		false	CRITICAL
HWHalArMIU4	5	error_block_all_sessions	ErrorMIU4_LcaCposFaultShutdown	Lca cpos fault shutdown		false	CRITICAL
HWHalArMIU4	6	error_block_all_sessions	ErrorMIU4_LcaBnegFaultShutdown	Lca bneg fault shutdown		false	CRITICAL
HWHalArMIU4	7	error_block_all_sessions	ErrorMIU4_LcaBposFaultShutdown	Lca bpos fault shutdown		false	CRITICAL
HWHalArMIU4	8	error_block_all_sessions	ErrorMIU4_LcaAnegFaultShutdown	Lca aneg fault shutdown		false	CRITICAL
HWHalArMIU4	9	error_block_all_sessions	ErrorMIU4_LcaAposFaultShutdown	Lca_apos fault shutdown		false	CRITICAL
HWHalArMIU4	10	error_block_all_sessions	ErrorMIU4_LcaOvrcurEarlyShutdown	Lca ovrcur early shutdown		false	CRITICAL
HWHalArMIU4	11	error_block_all_sessions	ErrorMIU4_LcaGndFaultShutdown	Lca gnd fault shutdown		false	CRITICAL
HWHalArMIU4	12	error_block_all_sessions	ErrorMIU4_LcaCpOverTempShutdown	Lca cp over temp shutdown		false	CRITICAL
HWHalArMIU4	13	error_block_all_sessions	ErrorMIU4_LcaCpUndTempShutdown	Lca cp und temp shutdown		false	CRITICAL
HWHalArMIU4	15	error_block_all_sessions	ErrorMIU4_DcBusVoltageOutOfRangeShtdwn	DC bus voltage out of range shtdwn		false	CRITICAL
HWHalArMIU5	3	error_block_all_sessions	ErrorMIU5_MIUFaulted	MIU Faulted		false	CRITICAL
HWHalArMIU5	13	error_block_all_sessions	ErrorMIU5_DC_neg_cntctr_fail_to_close_shtdwn	DC_neg cntctr_fail_to_close_shtdwn		false	CRITICAL
HWHalArMIU5	14	error_block_all_sessions	ErrorMIU5_DC_neg_cntctr_welded_shtdwn	DC_neg_cntctr_welded_shtdwn		false	CRITICAL
HWHalArMIU5	15	error_block_all_sessions	ErrorMIU5_DCCurrentSensorFailShutdown	DC Current Sensor Fail Shutdown		false	CRITICAL
PowerBoardFault	34	error_block_all_sessions	AIMConfigNotApplied	Anti-Islanding Module configuration is not applied on Power Board	1. Check validity of GridCodes configuration | 2. Power Cycle Charging Station | 3. Replace Power Board	false	CRITICAL
Health	4	error	FSSwitchToRO	File system partition switch to Read-only mode unexpectedly		false	MEDIUM
HWHalAIM	8	error_block_all_sessions	SoftDisconnection	Soft Disconnection detected, charging session temporarily stopped (until grid parameters return back to normal)	1. Check grid network	false	CRITICAL
HWHalAIM	9	error_block_all_sessions	SoftReconnection	Soft Reconnection detected, charging session temporarily stopped (until grid is in fault and parameters return back to normal)	1. Check grid network	false	CRITICAL
HWPowerBoardStopCode	58	error_block_all_sessions	CONTACTORS_ERROR	Contactor error	1. Power cycle with 10 minutes pause (after power off) | 2. Check contactor wiring | 3. Check grid connection | 4. Replace Power board	true	CRITICAL
HWPowerBoardStopCode	59	error_block_all_sessions	INVALID_SERIAL_NUMBER	Invalid Power Board Serial Number	1. Power cycle with 10 minutes pause (after power off) | 2. Replace Power board	true	CRITICAL
HWPowerBoardStopCode	60	error_block_all_sessions	METER_CONFIGURATION_RESET_FAULT	Built-in meter calibration reset	1. Power cycle with 10 minutes pause (after power off) | 2. Replace Power board	true	CRITICAL
HWPowerBoardStopCode	61	error_block_all_sessions	ROCOF_FAULT	Rate-Of-Change-Of-Frequency Fault	1. Power cycle with 10 minutes pause (after power off) | 2. Check grid | 3. Replace Power board	true	CRITICAL
HWPowerBoardStopCode	62	error_block_all_sessions	OVERVOLTAGE_10_MIN	Overvoltage Fault (10 min average)	1. Power cycle with 10 minutes pause (after power off) | 2. Check grid | 3. Replace Power board	true	CRITICAL
HWPowerBoardStopCode	63	error_block_all_sessions	PHASE_B_OR_C_DETECTED_IN_SINGLE_PHASE_MODE	Phase B and/or C detected in 1-phase mode	1. Power cycle with 10 minutes pause (after power off) | 2. Check grid wiring | 3. Replace Power board	true	CRITICAL
HWPowerBoardStopCode	64	error_block_all_sessions	GRIDCODE_CONFIG_FAULT	GridCode Configuration Error	1. Power cycle with 10 minutes pause (after power off) | 2. Check GridCode configuration | 3. Replace Power board	true	CRITICAL
Monit	4	warning	HighCpuUsage	High CPU usage detected	1. If a charging session or other activities are running, no actions are needed. | 2. If a charging session or other activities are not running, recheck the new fault in 30 minutes. | 3. If this error is still reported, reboot the device. | 4. If the issue persists, call support.	false	LOW
HWPowerBoardStopCode	65	error_block_all_sessions	MC2_COMMUNICATION_FAULT	MC2 Communication Fault	1. Power cycle with 10 minutes pause (after power off) | 2. Replace Power board	true	CRITICAL
HWPowerBoardStopCode	66	error_block_all_sessions	MC2_FAULT	MC2 Fault	1. Power cycle with 10 minutes pause (after power off) | 2. Replace Power board	true	CRITICAL
HWPowerBoardStopCode	67	error_block_all_sessions	MC2_ENABLE_FAULT	MC2 Enable Signal Fault	1. Power cycle with 10 minutes pause (after power off) | 2. Replace Power board	true	CRITICAL
HWPowerBoardStopCode	68	error_block_all_sessions	MC2_METER_FAULT	MC2 Meter Fault	1. Power cycle with 10 minutes pause (after power off) | 2. Replace Power board	true	CRITICAL
HWPowerBoardStopCode	69	error_block_all_sessions	MC2_ENABLE_MISMATCH	MC2 Enable Signal Mismatch	1. Power cycle with 10 minutes pause (after power off) | 2. Replace Power board	true	CRITICAL
HWPowerBoardStopCode	70	error_block_all_sessions	MC2_OVERVOLTAGE	MC2 Overvoltage	1. Check/fix grid voltage | 2. Check/fix AIM configuration | 3. Power Cycle Charging station | 4. Replace PB	true	CRITICAL
HWPowerBoardStopCode	71	error_block_all_sessions	MC2_UNDERVOLTAGE	MC2 Undervoltage	1. Check/fix grid voltage | 2. Check/fix AIM configuration | 3. Power Cycle Charging station | 4. Replace PB	true	CRITICAL
HWPowerBoardStopCode	72	error_block_all_sessions	MC2_HIGH_FREQUENCY	MC2 High Frequency	1. Check/fix grid frequency | 2. Check/fix AIM configuration | 3. Power Cycle Charging station | 4. Replace PB	true	CRITICAL
HWPowerBoardStopCode	73	error_block_all_sessions	MC2_LOW_FREQUENCY	MC2 Low Frequency	1. Check/fix grid frequency | 2. Check/fix AIM configuration | 3. Power Cycle Charging station | 4. Replace PB	true	CRITICAL
HWPowerBoardStopCode	74	error_block_all_sessions	MC2_ROCOF_FAULT	MC2 Rate-Of-Change-Of-Frequency Fault	1. Check/fix grid frequency | 2. Check/fix AIM configuration | 3. Power Cycle Charging station | 4. Replace PB	true	CRITICAL
HWPowerBoardStopCode	75	error_block_all_sessions	MC2_OVERVOLTAGE_10_MIN	MC2 Overvoltage Fault (10 min average)	1. Check/fix grid voltage | 2. Check/fix AIM configuration | 3. Power Cycle Charging station | 4. Replace PB	true	CRITICAL
HWPowerBoardStopCode	76	error_block_all_sessions	MC2_CONTACTORS_WELDED	MC2 Contactors Welded	1. Power cycle with 10 minutes pause (after power off) | 2. Validate relays integrity | 3. Replace Power board	true	CRITICAL
HWPowerBoardStopCode	77	error_block_all_sessions	MC2_CONTACTORS_FAILED_OPEN	MC2 Contactors Failed Open	1. Power cycle with 10 minutes pause (after power off) | 2. Validate relays integrity | 3. Replace Power board	true	CRITICAL
UpdateFirmware	4	warning	UpdateValidationFailedInvalidUpdateVariant	Invalid Update Variant	1. Make sure that the update is correct | 2. Contact support	false	LOW
PowerBoardUpdateFirmware	1	error_block_all_sessions	PowerBoardFirmwareUpdateFailed	Power Board Firmware Update Failed	1. Reboot charger | 2. Power cycle with 10 minutes pause (after power off) | 3. Replace Power board	true	CRITICAL
EnergyManager	3	error	No3phCurrentFlowDetectedIn3phBptSession	No current flow detected on some of the phases during 3phase BPT session	1. Check charging cable if it is 3-phase | 2. Check socket on both EV and EVSE sides | 3. Use another charging cable | 4. Use another EV/consumer	false	MEDIUM
LimitsComplianceMonitor	0	warning_reset_current_session	EVDoesNotObeyImposedLimit	EV does not obey imposed limit	1. Restart charging session | 2. Use another EV/consumer	false	HIGH
LimitsComplianceMonitor	1	warning_reset_current_session	SoftOvercurrentDetected	Soft overcurrent detected	1. Restart charging session | 2. Use another EV/consumer	false	HIGH
LimitsComplianceMonitor	2	error	MeterValuesNotReceived	No meter values to perform check	1. Power Cycle Charging Station | 2. Replace Power Board	true	MEDIUM
EmergencyStopMonitor	1	warning	EmergencyStop	Emergency stop scenario was triggered	1. Remove emergency condition	false	LOW
HWPowerBoardStopCode	79	error_block_all_sessions	MC2_HIGH_TEMPERATURE_FAULT	MC2 High Temperature Fault	1. Check/fix the cooling system | 2. Replace Power Board	true	CRITICAL
HWPowerBoardStopCode	80	error_block_all_sessions	MC2_LOW_TEMPERATURE_FAULT	MC2 Low Temperature Fault	1. Check/fix the cooling system | 2. Replace Power Board	true	CRITICAL
TemperatureDerating	21	warning	DeratingApplied	Derating applied	1. Check charger for overheating | 2. Verify that all wiring is properly secured, connections are tight, and there are no loose or improperly clamped wires	false	LOW
TemperatureDerating	22	warning	DeratingRemoved	Derating removed	1. Check charger for overheating | 2. Verify that all wiring is properly secured, connections are tight, and there are no loose or improperly clamped wires	false	LOW
TemperatureDerating	23	warning	DeratingActivated	Derating activated	1. Check charger for overheating | 2. Verify that all wiring is properly secured, connections are tight, and there are no loose or improperly clamped wires	false	LOW
TemperatureDerating	24	error_block_all_sessions	MaximalDeratingReached	Maximal derating reached	1. Check charger for overheating | 2. Verify that all wiring is properly secured, connections are tight, and there are no loose or improperly clamped wires	false	CRITICAL
